{"train_time(min)": 61.7890427907308, "validation_loss": [0.07400703430175781, 0.06348525732755661, 0.06109374761581421, 0.09031412750482559, 0.07407885044813156], "criterion": "<class 'torch.nn.modules.loss.CrossEntropyLoss'>", "training_accuracy": [92.0, 99.0, 99.0, 99.0, 99.0], "momentum": 0.9, "lr": 0.001, "n_epochs": 5, "optimizer": "<class 'torch.optim.sgd.SGD'>", "weight_decay": 0.0005, "batch_size": 16, "validation_path": "/hear_and_see/data/padded_spectrograms/valset/", "train_path": "/hear_and_see/data/rolled_spectrograms/trainset/", "model_path": "/hear_and_see/data/models/rolled_spectrograms/model/model.pt", "training_loss": [0.24119612574577332, 0.02954617515206337, 0.015718787908554077, 0.008810860104858875, 0.00812690332531929], "validation_accuracy": [97.0, 97.0, 97.0, 97.0, 97.0]}